SA2_CODE_2021,Names,Popn
101021007,Braidwood,4333
101021008,Karabar,8518
101021009,Queanbeyan,11370
101021010,Queanbeyan - East,5050
101021012,Queanbeyan West - Jerrabomberra,12727
101021610,Googong,6209
101021611,Queanbeyan Surrounds,16540
101031013,Bombala,2440
101031014,Cooma,6732
101031015,Cooma Surrounds,3484
101031016,Jindabyne - Berridale,7992
101041017,Batemans Bay,8554
101041018,Batemans Bay - South,8909
101041019,Bega - Tathra,8830
101041020,Bega-Eden Hinterland,9530
101041021,Broulee - Tomakin,3769
101041022,Deua - Wadbilliga,41
101041023,Eden,3418
101041024,Eurobodalla Hinterland,3511
101041025,Merimbula - Tura Beach,11483
101041026,Moruya - Tuross Head,8530
101041027,Narooma - Bermagui,9912
101051539,Goulburn,24478
101051540,Goulburn Surrounds,13759
101061541,Yass,6773
101061542,Yass Surrounds,12687
101061543,Young,10958
101061544,Young Surrounds,7701
102011028,Avoca Beach - Copacabana,7496
102011029,Box Head - MacMasters Beach,11063
102011030,Calga - Kulnura,4674
102011031,Erina - Green Point,14776
102011032,Gosford - Springfield,21182
102011033,Kariong,6510
102011034,Kincumber - Picketts Valley,7590
102011035,Narara,7158
102011036,Niagara Park - Lisarow,8233
102011037,Point Clare - Koolewong,6541
102011038,Saratoga - Davistown,7145
102011039,Terrigal - North Avoca,14885
102011040,Umina - Booker Bay - Patonga,24672
102011041,Wamberal - Forresters Beach,10660
102011042,Woy Woy - Blackwall,14331
102011043,Wyoming,11435
102021044,Bateau Bay - Killarney Vale,22860
102021045,Blue Haven - San Remo,11290
102021046,Budgewoi - Buff Point - Halekulani,9750
102021047,Chittaway Bay - Tumbi Umbi,16002
102021048,Gorokan - Kanwal - Charmhaven,22425
102021049,Jilliby - Yarramalong,3414
102021050,Lake Munmorah - Mannering Park,10959
102021051,Ourimbah - Fountaindale,4941
102021052,Summerland Point - Gwandalan,6494
102021053,The Entrance,15878
102021054,Toukley - Norah Head,9897
102021055,Tuggerah - Kangy Angy,5241
102021056,Warnervale - Wadalba,20076
102021057,Wyong,9117
103011059,Bathurst - East,12346
103011060,Bathurst Surrounds,6907
103011061,Oberon,4854
103011612,Bathurst - South,10781
103011613,Bathurst - West,14299
103021062,Condobolin,6397
103021063,Cowra,9279
103021064,Cowra Surrounds,5704
103021065,Forbes,10017
103021066,Grenfell,3624
103021067,Parkes (NSW),10927
103021068,Parkes Surrounds,3257
103021069,West Wyalong,5527
103031070,Lithgow,12365
103031071,Lithgow Surrounds,8420
103031072,Mudgee,12571
103031073,Mudgee Surrounds - East,3389
103031074,Mudgee Surrounds - West,11047
103031075,Wollangambe - Wollemi,0
103041076,Blayney,7522
103041077,Orange,19045
103041078,Orange - North,22955
103041079,Orange Surrounds,11824
104011080,Grafton,19318
104011081,Grafton Surrounds,16904
104011082,Maclean - Yamba - Iluka,17582
104021083,Bellingen,6165
104021084,Coffs Harbour - North,18134
104021085,Coffs Harbour - South,11277
104021086,Coramba - Nana Glen - Bucca,3922
104021087,Dorrigo,3232
104021088,Korora - Emerald Beach,10265
104021089,Sawtell - Boambee,20043
104021090,Urunga,4919
104021091,Woolgoolga - Arrawarra,14464
105011092,Bourke - Brewarrina,3435
105011093,Cobar,4147
105011094,Coonamble,3902
105011095,Nyngan - Warren,4594
105011096,Walgett - Lightning Ridge,5547
105021097,Broken Hill,17587
105021098,Far West,2274
105031099,Coonabarabran,7934
105031100,Dubbo - East,10586
105031101,Dubbo - South,19604
105031102,Dubbo - West,10329
105031103,Dubbo Surrounds,5945
105031104,Gilgandra,4422
105031105,Narromine,6474
105031106,Wellington,8809
106011107,Branxton - Greta - Pokolbin,12787
106011108,Cessnock,23532
106011109,Cessnock Surrounds,9115
106011110,Dungog,9570
106011111,Kurri Kurri - Abermain,20635
106011112,Singleton,17010
106011113,Singleton Surrounds,5367
106021114,Maitland,8549
106021116,Maitland - North,8721
106021614,East Maitland - Metford,17931
106021615,Rutherford (North) - Aberglasslyn,17740
106021616,Rutherford (South) - Telarah,7991
106021617,Tenambit - East Maitland,10086
106021618,Thornton - Millers Forest,15880
106031119,Anna Bay,6428
106031120,Lemon Tree Passage - Tanilba Bay,6874
106031121,Nelson Bay Peninsula,21957
106031122,Raymond Terrace,14562
106031123,Seaham - Woodville,5663
106031124,Tea Gardens - Hawks Nest,5750
106031125,Williamtown - Medowie - Karuah,15060
106041126,Muswellbrook,12247
106041127,Muswellbrook Surrounds,4114
106041128,Scone,6023
106041129,Scone Surrounds,8187
107011131,Dapto - Avondale,24209
107011132,Horsley - Kembla Grange,12156
107011133,Port Kembla Industrial,5
107011134,Unanderra - Mount Kembla,15302
107011545,Berkeley - Lake Heights - Cringila,14198
107011546,Port Kembla - Warrawong,9746
107011547,Windang - Primbee,4240
107021135,Illawarra Catchment Reserve,8
107031136,Albion Park - Macquarie Pass,19003
107031137,Albion Park Rail,6905
107031138,Kiama,8746
107031139,Kiama Downs - Minnamurra,6080
107031140,Kiama Hinterland - Gerringong,8126
107031141,Shellharbour - Flinders,19348
107031142,Shellharbour - Oak Flats,10594
107031143,Warilla,20367
107041144,Balgownie - Fairy Meadow,21496
107041145,Corrimal - Tarrawanna - Bellambi,16023
107041146,Figtree - Keiraville,22766
107041147,Helensburgh,9113
107041148,Thirroul - Austinmer - Coalcliff,11906
107041150,Woonona - Bulli - Russell Vale,20730
107041548,Wollongong - East,15966
107041549,Wollongong - West,16593
108011151,Bulahdelah - Stroud,5245
108011152,Forster,14676
108011153,Forster-Tuncurry Surrounds,6957
108011154,Tuncurry,6435
108021155,Kempsey,15673
108021156,Kempsey Surrounds,9483
108021157,Macksville - Scotts Head,5214
108021158,Nambucca Heads,7122
108021159,Nambucca Heads Surrounds,8083
108021160,South West Rocks,5646
108031161,Lord Howe Island,443
108041162,Laurieton - Bonny Hills,18501
108041164,Port Macquarie - West,21196
108041165,Port Macquarie Surrounds,5342
108041166,Wauchope,12824
108041619,Port Macquarie - East,11771
108041620,Port Macquarie - South,17295
108051167,Gloucester,5312
108051168,Old Bar - Manning Point - Red Head,12421
108051169,Taree,21169
108051170,Taree Surrounds,13111
108051171,Wingham,5421
109011172,Albury - East,17804
109011173,Albury - North,10521
109011174,Albury - South,10434
109011175,Albury Surrounds,12502
109011176,Lavington,15666
109021177,Hay,2912
109021178,Wentworth - Buronga,6492
109021179,Wentworth-Balranald Region,3655
109031180,Corowa,5615
109031181,Corowa Surrounds,7210
109031182,Deniliquin,7002
109031183,Deniliquin Surrounds,6809
109031184,Moama,6949
109031185,Tocumwal - Finley - Jerilderie,9774
110011186,Armidale,23987
110011187,Armidale Surrounds - North,4534
110011188,Armidale Surrounds - South,5893
110011189,Walcha,3162
110021190,Glen Innes,8875
110021191,Inverell,12031
110021192,Inverell Surrounds - East,5216
110021193,Inverell Surrounds - West,5731
110021194,Tenterfield,6830
110031195,Moree,7862
110031196,Moree Surrounds,5356
110031197,Narrabri,6876
110031198,Narrabri Surrounds,4608
110041199,Gunnedah,9733
110041200,Gunnedah Surrounds,4372
110041201,Quirindi,7544
110041202,Tamworth - East,21322
110041203,Tamworth - North,16466
110041204,Tamworth - West,5983
110041205,Tamworth Surrounds,19025
111011206,Belmont - Bennetts Green,17796
111011207,Belmont South - Blacksmiths,5691
111011208,Charlestown - Dudley,25222
111011209,Glendale - Cardiff - Hillsborough,24539
111011210,Mount Hutton - Windale,9514
111011211,Redhead,3774
111011212,Swansea - Caves Beach,12527
111011213,Valentine - Eleebana,12551
111011214,Warners Bay - Boolaroo,14704
111021215,Bolton Point - Teralba,10137
111021216,Bonnells Bay - Silverwater,9689
111021217,Edgeworth - Cameron Park,16420
111021218,Morisset - Cooranbong,18067
111021219,Toronto - Awaba,13955
111021220,Wangi Wangi - Rathmines,9462
111021221,West Wallsend - Barnsley - Killingworth,7240
111031222,Adamstown - Kotara,16592
111031223,Beresfield - Hexham,8598
111031224,Hamilton - Broadmeadow,12764
111031225,Lambton - New Lambton,17375
111031226,Maryland - Fletcher - Minmi,16420
111031227,Mayfield - Warabrook,15554
111031228,Merewether - The Junction,14507
111031229,Newcastle - Cooks Hill,12841
111031230,Newcastle Port - Kooragang,24
111031231,Shortland - Jesmond,12600
111031232,Stockton - Fullerton Cove,8835
111031233,Wallsend - Elermore Vale,20912
111031234,Waratah - North Lambton,12862
111031235,Wickham - Carrington - Tighes Hill,9162
112011236,Ballina,18595
112011237,Ballina Surrounds,18314
112011238,Bangalow,6961
112011239,Brunswick Heads - Ocean Shores,9209
112011240,Byron Bay,10921
112011241,Evans Head,5654
112011242,Lennox Head - Skennars Head,9232
112011243,Mullumbimby,8912
112021244,Casino,12296
112021245,Casino Surrounds,7371
112021246,Goonellabah,13573
112021247,Kyogle,7616
112021248,Lismore,15252
112021249,Lismore Surrounds,15760
112031250,Kingscliff - Fingal Head,14825
112031251,Murwillumbah,9507
112031252,Murwillumbah Surrounds,10294
112031253,Pottsville,14107
112031254,Tweed Heads,20500
112031550,Banora Point,16347
112031551,Terranora - North Tumbulgum,3341
112031552,Tweed Heads South,8459
113011256,Griffith (NSW),20588
113011257,Griffith Surrounds,12747
113011258,Leeton,10347
113011259,Narrandera,5860
113021260,Tumbarumba,3509
113021261,Tumut,6657
113021262,Tumut Surrounds,4728
113031263,Cootamundra,7688
113031264,Gundagai,3718
113031265,Junee,6367
113031266,Temora,6589
113031267,Wagga Wagga - East,16871
113031268,Wagga Wagga - North,5591
113031269,Wagga Wagga - South,22552
113031270,Wagga Wagga - West,11957
113031271,Wagga Wagga Surrounds,17811
114011272,Berry - Kangaroo Valley,9510
114011273,Callala Bay - Currarong,3624
114011274,Culburra Beach,5099
114011275,Ettrema - Sassafras - Budawang,59
114011276,Huskisson - Vincentia,4825
114011277,North Nowra - Bomaderry,16100
114011278,Nowra,22545
114011279,St Georges Basin - Erowal Bay,15278
114011280,Sussex Inlet - Berrara,4685
114011281,Tomerong - Wandandian - Woollamia,3691
114011282,Ulladulla,16969
114011283,Ulladulla Surrounds,5838
114021284,Bowral,13669
114021285,Hill Top - Colo Vale,6401
114021286,Mittagong,10919
114021287,Moss Vale - Berrima,10646
114021288,Robertson - Fitzroy Falls,3849
114021289,Southern Highlands,7258
115011290,Baulkham Hills - East,24701
115011291,Baulkham Hills (West) - Bella Vista,21669
115011294,Glenhaven,6340
115011296,West Pennant Hills,12682
115011553,Castle Hill - Central,7640
115011554,Castle Hill - East,5661
115011555,Castle Hill - North,12220
115011556,Castle Hill - South,10439
115011557,Castle Hill - West,5177
115011558,Cherrybrook,19053
115011621,Kellyville - East,17699
115011622,Kellyville - West,11334
115021297,Dural - Kenthurst - Wisemans Ferry,22424
115021298,Galston - Laughtondale,5431
115031299,Bilpin - Colo - St Albans,2847
115031300,Kurrajong Heights - Ebenezer,22189
115041301,Pitt Town - McGraths Hill,11395
115041623,Box Hill - Nelson,10287
115041624,North Kellyville,17387
115041625,Rouse Hill - Beaumont Hills,17602
116011303,Blacktown (East) - Kings Park,17018
116011304,Blacktown (North) - Marayong,20605
116011306,Doonside - Woodcroft,23397
116011307,Lalor Park - Kings Langley,25381
116011560,Blacktown - South,12648
116011561,Blacktown - West,17104
116011626,Seven Hills - Prospect,14863
116011627,Toongabbie - West,11547
116021309,Glenwood,15859
116021562,Acacia Gardens,3678
116021563,Quakers Hill,24608
116021628,Kellyville Ridge - The Ponds,21080
116021629,Marsden Park - Shanes Park,15496
116021630,Riverstone,13829
116021631,Schofields (West) - Colebee,10031
116021632,Schofields - East,25112
116021633,Stanhope Gardens - Parklea,13037
116031313,Bidwill - Hebersham - Emerton,18569
116031314,Glendenning - Dean Park,8372
116031315,Hassall Grove - Plumpton,21399
116031316,Lethbridge Park - Tregear,21525
116031317,Mount Druitt - Whalan,22906
116031318,Prospect Reservoir,3
116031319,Rooty Hill - Minchinbury,22836
117011320,Banksmeadow,498
117011321,Botany,12936
117011323,Pagewood - Hillsdale - Daceyville,14793
117011324,Port Botany Industrial,6
117011325,Sydney Airport,21
117011634,Eastlakes,8971
117011635,Mascot,21579
117021327,Petersham - Stanmore,19918
117021328,Sydenham - Tempe - St Peters,8292
117021636,Marrickville - North,12337
117021637,Marrickville - South,14223
117031329,Darlinghurst,10633
117031330,Erskineville - Alexandria,19105
117031331,Glebe - Forest Lodge,20276
117031333,Potts Point - Woolloomooloo,18215
117031336,Surry Hills,15818
117031638,Camperdown - Darlington,8330
117031639,Chippendale,7821
117031640,Newtown (NSW),14704
117031641,Pyrmont,12657
117031642,Redfern,13665
117031643,Rosebery - Beaconsfield,12291
117031644,Sydney (North) - Millers Point,8012
117031645,Sydney (South) - Haymarket,19928
117031646,Ultimo,7420
117031647,Waterloo,16356
117031648,Zetland,12635
118011339,Bondi - Tamarama - Bronte,19026
118011340,Bondi Beach - North Bondi,20731
118011341,Bondi Junction - Waverly,17722
118011342,Centennial Park,0
118011344,Dover Heights,11159
118011345,Paddington - Moore Park,14770
118011346,Rose Bay - Vaucluse - Watsons Bay,11885
118011347,Woollahra,7430
118011649,Bellevue Hill,14418
118011650,Double Bay - Darling Point,9951
118021564,Kensington (NSW),11820
118021565,Kingsford,13581
118021566,Maroubra - North,9790
118021567,Maroubra - South,11050
118021568,Maroubra - West,9842
118021569,Randwick - North,16221
118021570,Randwick - South,12719
118021651,Coogee - Clovelly,19520
118021652,Malabar - La Perouse,10601
118021653,Matraville - Chifley,13410
118021654,South Coogee,5620
119011354,Bass Hill - Georges Hall,23888
119011355,Chullora,1457
119011356,Condell Park,12774
119011358,Padstow,17210
119011360,Revesby,17672
119011361,Yagoona - Birrong,22506
119011571,Bankstown - North,17007
119011572,Bankstown - South,18440
119011655,Greenacre - North,14632
119011656,Greenacre - South,13399
119011657,Panania (North) - Milperra,11326
119011658,Panania (South) - Picnic Point,15990
119021362,Belmore - Belfield,20356
119021366,Punchbowl,21488
119021367,Roselands,14570
119021573,Lakemba,17090
119021574,Wiley Park,10131
119021659,Campsie - North,11898
119021660,Campsie - South,9078
119021661,Canterbury - South,12259
119021662,Earlwood,17971
119021663,Kingsgrove - North,6278
119031370,Narwee - Beverly Hills,13747
119031371,Oatley - Hurstville Grove,12594
119031372,Peakhurst - Lugarno,20214
119031373,Riverwood,11579
119031374,South Hurstville - Blakehurst,25208
119031664,Hurstville - Central,12026
119031665,Hurstville - North,12119
119031666,Mortdale - Oatley,14681
119031667,Penshurst,9531
119041377,Kingsgrove (South) - Bardwell Park,12974
119041378,Kogarah,13034
119041379,Kogarah Bay - Carlton - Allawah,16223
119041380,Monterey - Brighton-le-Sands - Kyeemagh,13876
119041381,Rockdale - Banksia,19774
119041382,Sans Souci - Ramsgate,16629
119041668,Arncliffe - Bardwell Valley,16564
119041669,Bexley - North,10139
119041670,Bexley - South,15855
119041671,Wolli Creek,10762
120011383,Concord - Mortlake - Cabarita,23067
120011385,Drummoyne - Rodd Point,18345
120011386,Five Dock - Abbotsford,21006
120011672,Concord West - North Strathfield,12822
120011673,Rhodes,11440
120021387,Balmain,15544
120021389,Lilyfield - Rozelle,13840
120021674,Annandale (NSW),9460
120021675,Leichhardt,17610
120031392,Canterbury (North) - Ashbury,12031
120031393,Croydon Park - Enfield,17448
120031394,Dulwich Hill - Lewisham,18000
120031395,Haberfield - Summer Hill,13516
120031396,Homebush,20794
120031576,Strathfield South,3626
120031676,Ashfield - North,11453
120031677,Ashfield - South,12244
120031678,Burwood (NSW),15955
120031679,Croydon,10998
120031680,Strathfield - East,16408
120031681,Strathfield - West,9268
121011399,Chatswood (West) - Lane Cove North,21302
121011401,St Leonards - Naremburn,11906
121011682,Artarmon,9421
121011683,Castle Cove - Northbridge,13408
121011684,Chatswood - East,19580
121011685,Greenwich - Riverview,12966
121011686,Lane Cove,15908
121011687,Willoughby,13010
121021403,Asquith - Mount Colah,22064
121021404,Berowra - Brooklyn - Cowan,11759
121021406,Normanhurst - Thornleigh - Westleigh,19172
121021577,Hornsby - East,11975
121021578,Hornsby - West,10627
121021579,Wahroonga (West) - Waitara,11842
121031407,Gordon - Killara,22442
121031408,Lindfield - Roseville,24522
121031409,Pymble,17207
121031410,St Ives,21674
121031411,Turramurra,20273
121031412,Wahroonga (East) - Warrawee,18190
121041413,Cremorne - Cammeray,18915
121041414,Crows Nest - Waverton,17912
121041416,Neutral Bay - Kirribilli,17217
121041417,North Sydney - Lavender Bay,12441
121041688,Mosman - North,13799
121041689,Mosman - South,14552
122011418,Balgowlah - Clontarf - Seaforth,20797
122011419,Manly - Fairlight,22410
122021420,Avalon - Palm Beach,13034
122021421,Bayview - Elanora Heights,11208
122021422,Newport - Bilgola,13666
122021690,Mona Vale - Warriewood (North),14616
122021691,North Narrabeen - Warriewood (South),10880
122031424,Beacon Hill - Narraweena,14540
122031425,Cromer,8036
122031427,Forestville - Killarney Heights,13148
122031429,Freshwater - Brookvale,21803
122031430,Manly Vale - Allambie Heights,17576
122031432,Terrey Hills - Duffys Forest,3788
122031692,Belrose,8670
122031693,Collaroy - Collaroy Plateau,13953
122031694,Dee Why (South) - North Curl Curl,9131
122031695,Dee Why - North,17800
122031696,Frenchs Forest - Oxford Falls,17154
122031697,Narrabeen - Wheeler Heights,11235
123011433,Camden - Ellis Lane,13277
123011698,Currans Hill,6436
123011699,Elderslie - Narellan,14004
123011700,Harrington Park,11260
123011701,Mount Annan,19031
123011702,Spring Farm,9555
123021436,Bradbury - Wedderburn,20008
123021437,Campbelltown - Woodbine,22046
123021438,Claymore - Eagle Vale - Raby,20205
123021439,Holsworthy Military Area,5
123021441,Leumeah - Minto Heights,16679
123021443,Minto - St Andrews,21301
123021444,Rosemeadow - Glen Alpine,21152
123021703,Denham Court - Bardia,14881
123021704,Glenfield,10521
123021705,Ingleburn,16719
123021706,Macquarie Fields,14225
123031445,Bargo,5960
123031446,Douglas Park - Appin,11104
123031447,Picton - Tahmoor - Buxton,19023
123031448,The Oaks - Oakdale,9809
124011449,Blackheath - Megalong Valley,5742
124011450,Blaxland - Warrimoo - Lapstone,19005
124011451,Blue Mountains - North,7
124011452,Katoomba - Leura,13313
124011453,Lawson - Hazelbrook - Linden,11432
124011454,Springwood - Winmalee,21935
124011455,Wentworth Falls,6430
124021456,Blue Mountains - South,3
124031457,Cambridge Park,16013
124031459,Emu Plains - Leonay,13925
124031460,Glenmore Park - Regentville,21002
124031461,Jamisontown - South Penrith,17316
124031462,Kingswood - Werrington,24601
124031463,Mulgoa - Luddenham - Orchard Hills,12015
124031464,Penrith,17909
124031465,Warragamba - Silverdale,6013
124031707,Cranebrook - Castlereagh,17028
124031708,Jordan Springs - Llandilo,13396
124041466,Richmond - Clarendon,15218
124041467,Windsor - Bligh Park,15267
124041468,Yarramundi - Londonderry,7496
124051469,Erskine Park,6485
124051470,St Clair,19946
124051580,Colyton - Oxley Park,13014
124051581,St Marys - North St Marys,17306
125011475,Rookwood Cemetery,3
125011582,Auburn - Central,19473
125011583,Auburn - North,10597
125011584,Auburn - South,8835
125011585,Berala,8604
125011586,Lidcombe,21217
125011587,Regents Park,5118
125011709,Silverwater - Newington,9243
125011710,Wentworth Point - Sydney Olympic Park,20410
125021477,Ermington - Rydalmere,24673
125021478,Oatlands - Dundas Valley,18478
125021711,Carlingford - East,11645
125021712,Carlingford - West,19239
125031479,Chester Hill - Sefton,20851
125031480,Fairfield - East,15760
125031481,Granville - Clyde,23238
125031483,Guildford - South Granville,22377
125031484,Guildford West - Merrylands West,22984
125031486,Smithfield Industrial,8
125031487,Yennora Industrial,12
125031713,Greystanes - South,16638
125031714,Merrylands - Holroyd,23696
125031715,Pemulwuy - Greystanes (North),10902
125031716,South Wentworthville,7298
125041489,North Parramatta,22845
125041490,North Rocks,8462
125041491,Northmead,20268
125041493,Toongabbie - Constitution Hill,22808
125041494,Winston Hills,11185
125041588,Pendle Hill - Girraween,13945
125041589,Wentworthville - Westmead,21560
125041717,Parramatta - North,12039
125041718,Parramatta - South,9858
125041719,Rosehill - Harris Park,9029
126011496,Pennant Hills - Cheltenham,21790
126011720,Epping (East) - North Epping,14360
126011721,Epping (NSW) - West,18726
126021498,Gladesville - Huntleys Point,15488
126021499,Hunters Hill - Woolwich,9825
126021500,Macquarie Park - Marsfield,23793
126021501,North Ryde - East Ryde,15655
126021503,West Ryde - Meadowbank,20094
126021590,Putney,4151
126021722,Denistone,6976
126021723,Eastwood,18943
126021724,Ryde - North,20237
126021725,Ryde - South,11970
127011504,Ashcroft - Busby - Miller,17972
127011505,Austral - Greendale,12502
127011592,Badgerys Creek,25
127011593,Cecil Hills,6915
127011594,Green Valley,12949
127011595,Hinchinbrook,13032
127011596,Hoxton Park - Carnes Hill - Horningsea Park,13260
127011597,West Hoxton - Middleton Grange,17197
127011726,Cobbitty - Bringelly,4764
127011727,Gledswood Hills - Gregory Hills,14263
127011728,Leppington - Catherine Field,12562
127011729,Oran Park,17644
127021509,Bonnyrigg Heights - Bonnyrigg,17120
127021510,Bossley Park - Abbotsbury,19660
127021511,Cabramatta - Lansvale,24066
127021512,Cabramatta West - Mount Pritchard,18265
127021513,Canley Vale - Canley Heights,22230
127021514,Edensor Park,10292
127021515,Fairfield,18283
127021516,Fairfield - West,21242
127021517,Greenfield Park - Prairiewood,8859
127021518,Horsley Park - Kemps Creek,4330
127021519,Smithfield - Wetherill Park,19503
127021520,St Johns Park - Wakeley,11210
127021521,Wetherill Park Industrial,30
127031522,Casula,16600
127031523,Chipping Norton - Moorebank,20763
127031524,Holsworthy - Wattle Grove,21140
127031599,Lurnea - Cartwright,12661
127031601,Warwick Farm,5913
127031730,Edmondson Park,12068
127031731,Liverpool - East,17537
127031732,Liverpool - West,13754
127031733,Prestons,15725
128011529,Gymea - Grays Point,18155
128011530,Miranda - Yowie Bay,20679
128011531,Sylvania - Taren Point,16430
128011602,Caringbah,12871
128011603,Caringbah South,13023
128011604,Cronulla - Kurnell - Bundeena,24364
128011605,Lilli Pilli - Port Hacking - Dolans Bay,3352
128011606,Woolooware - Burraneer,8950
128021533,Heathcote - Waterfall,6680
128021534,Illawong - Alfords Point,10593
128021535,Menai - Lucas Heights - Woronora,20900
128021536,Oyster Bay - Como - Jannali,22064
128021537,Royal National Park,49
128021538,Sutherland - Kirrawee,23227
128021607,Engadine,17311
128021608,Loftus - Yarrawarrah,7343
128021609,Woronora Heights,3526
197979799,Migratory - Offshore - Shipping (NSW),0
199999499,No usual address (NSW),11371
201011001,Alfredton,16834
201011002,Ballarat,12132
201011005,Buninyong,7247
201011006,Delacombe,10656
201011007,Smythes Creek,4226
201011008,Wendouree - Miners Rest,15371
201011481,Ballarat East - Warrenheip,9687
201011482,Ballarat North - Invermay,14764
201011483,Canadian - Mount Clear,12241
201011484,Sebastopol - Redan,13080
201021009,Bacchus Marsh Surrounds,6555
201021010,Creswick - Clunes,8068
201021011,Daylesford,9996
201021012,Gordon (Vic.),6374
201031013,Avoca,3527
201031014,Beaufort,4674
201031015,Golden Plains - North,4916
201031016,Maryborough (Vic.),8164
201031017,Maryborough Surrounds,5502
202011018,Bendigo,14917
202011019,California Gully - Eaglehawk,12989
202011020,East Bendigo - Kennington,14001
202011021,Flora Hill - Spring Gully,9420
202011022,Kangaroo Flat - Golden Square,21001
202011023,Maiden Gully,5511
202011024,Strathfieldsaye,10653
202011025,White Hills - Ascot,14433
202021026,Bendigo Surrounds - South,8340
202021027,Castlemaine,11380
202021028,Castlemaine Surrounds,9218
202021029,Heathcote,5044
202021030,Kyneton,10541
202021031,Woodend,7933
202031032,Bendigo Surrounds - North,4913
202031033,Loddon,7343
203011034,Bannockburn,7762
203011035,Golden Plains - South,8106
203011036,Winchelsea,6619
203021037,Belmont,14997
203021039,Geelong,13472
203021040,Geelong West - Hamlyn Heights,21227
203021042,Highton,24021
203021043,Lara,20804
203021044,Leopold,13264
203021045,Newcomb - Moolap,15409
203021046,Newtown (Vic.),10459
203021047,North Geelong - Bell Park,15830
203021485,Charlemont,10304
203021486,Corio - Lovely Banks,18338
203021487,Grovedale - Mount Duneed,24793
203021488,Norlane,9037
203031048,Clifton Springs,16801
203031049,Lorne - Anglesea,6229
203031051,Portarlington,9565
203031052,Point Lonsdale - Queenscliff,5533
203031053,Torquay,24586
203031489,Barwon Heads - Armstrong Creek,11331
203031490,Ocean Grove,19404
204011054,Alexandra,6801
204011055,Euroa,6930
204011056,Kilmore - Broadford,15595
204011057,Mansfield (Vic.),10543
204011058,Nagambie,4550
204011059,Seymour,6583
204011060,Seymour Surrounds,4615
204011061,Upper Yarra Valley,242
204011062,Yea,4205
204021063,Benalla,10843
204021064,Benalla Surrounds,3799
204021065,Rutherglen,4070
204021066,Wangaratta,19902
204021067,Wangaratta Surrounds,9899
204031068,Beechworth,4987
204031069,Bright - Mount Beauty,8915
204031070,Chiltern - Indigo Valley,3170
204031071,Myrtleford,4711
204031072,Towong,6185
204031073,West Wodonga,15378
204031075,Yackandandah,5228
204031491,Baranduda - Leneva,12729
204031492,Wodonga,15090
205011076,Drouin,19753
205011077,Mount Baw Baw Region,6610
205011078,Trafalgar (Vic.),8365
205011079,Warragul,23029
205021080,Alps - East,0
205021081,Bairnsdale,15655
205021082,Bruthen - Omeo,8254
205021083,Lake King,0
205021084,Lakes Entrance,11122
205021085,Orbost,6714
205021086,Paynesville,6955
205031087,Foster,9433
205031088,French Island,138
205031089,Korumburra,9841
205031090,Leongatha,11482
205031091,Phillip Island,13773
205031092,Wilsons Promontory,16
205031093,Wonthaggi - Inverloch,26795
205041094,Churchill,11874
205041095,Moe - Newborough,17398
205041096,Morwell,14429
205041098,Yallourn North - Glengarry,4708
205041493,Traralgon - East,12019
205041494,Traralgon - West,16843
205051099,Alps - West,26
205051100,Longford - Loch Sport,4941
205051101,Maffra,14753
205051102,Rosedale,4918
205051103,Sale,15248
205051104,Yarram,5580
206011106,Brunswick East,12698
206011107,Brunswick West,14290
206011109,Pascoe Vale South,10354
206011495,Brunswick - North,12898
206011496,Brunswick - South,13005
206011497,Coburg - East,12498
206011498,Coburg - West,14004
206021110,Alphington - Fairfield,8995
206021112,Thornbury,18906
206021499,Northcote - East,15067
206021500,Northcote - West,10280
206031113,Ascot Vale,15176
206031115,Flemington,9042
206031116,Moonee Ponds,16154
206031501,Essendon (West) - Aberfeldie,16038
206031502,Essendon - East,12204
206041117,Carlton,16615
206041118,Docklands,15509
206041119,East Melbourne,4898
206041120,Flemington Racecourse,77
206041121,Kensington (Vic.),10731
206041124,Parkville,7292
206041125,South Yarra - West,6418
206041127,West Melbourne - Industrial,0
206041503,Melbourne CBD - East,9838
206041504,Melbourne CBD - North,16872
206041505,Melbourne CBD - West,15652
206041506,North Melbourne,15627
206041507,Royal Botanic Gardens Victoria,0
206041508,Southbank (West) - South Wharf,6458
206041509,Southbank - East,16116
206041510,West Melbourne - Residential,7433
206051128,Albert Park,15829
206051129,Elwood,14815
206051130,Port Melbourne,16195
206051134,St Kilda East,15877
206051511,Port Melbourne Industrial,1908
206051512,South Melbourne,11691
206051513,St Kilda - Central,11864
206051514,St Kilda - West,13844
206061135,Armadale,9313
206061136,Prahran - Windsor,19086
206061138,Toorak,12973
206061515,South Yarra - North,11194
206061516,South Yarra - South,9931
206071139,Abbotsford,9122
206071140,Carlton North - Princes Hill,8219
206071141,Collingwood,9165
206071142,Fitzroy,10430
206071143,Fitzroy North,12809
206071145,Clifton Hill - Alphington,9851
206071517,Richmond (South) - Cremorne,17670
206071518,Richmond - North,13916
207011146,Ashburton (Vic.),7957
207011147,Balwyn,16182
207011148,Balwyn North,21151
207011149,Camberwell,21231
207011150,Glen Iris - East,16788
207011152,Hawthorn East,15683
207011154,Kew East,6483
207011155,Surrey Hills (West) - Canterbury,15908
207011519,Hawthorn - North,9893
207011520,Hawthorn - South,11977
207011521,Kew - South,11608
207011522,Kew - West,13040
207021156,Bulleen,11312
207021157,Doncaster,24788
207021159,Templestowe,16955
207021160,Templestowe Lower,14198
207021424,Doncaster East - North,15737
207021425,Doncaster East - South,15459
207031161,Blackburn,22049
207031162,Blackburn South,10935
207031163,Box Hill,22856
207031164,Box Hill North,18133
207031165,Burwood (Vic.),12334
207031166,Burwood East,10699
207031167,Surrey Hills (East) - Mont Albert,10165
208011168,Beaumaris,14021
208011169,Brighton (Vic.),22755
208011170,Brighton East,16558
208011171,Highett (West) - Cheltenham,12468
208011172,Hampton,18205
208011173,Sandringham - Black Rock,17383
208021174,Bentleigh - McKinnon,24921
208021176,Carnegie,18550
208021177,Caulfield - North,22343
208021178,Caulfield - South,18108
208021179,Elsternwick,11878
208021180,Hughesdale,7542
208021181,Murrumbeena,9411
208021182,Ormond - Glen Huntly,13151
208021426,Bentleigh East - North,16589
208021427,Bentleigh East - South,14094
208031183,Aspendale Gardens - Waterways,8863
208031184,Braeside,22
208031185,Carrum - Patterson Lakes,12039
208031186,Chelsea - Bonbeach,15237
208031187,Chelsea Heights,5387
208031188,Highett (East) - Cheltenham,24055
208031189,Edithvale - Aspendale,13525
208031190,Mentone,13168
208031191,Moorabbin - Heatherton,9096
208031192,Moorabbin Airport,26
208031193,Mordialloc - Parkdale,21226
208041194,Malvern - Glen Iris,20231
208041195,Malvern East,21909
209011196,Bundoora - East,9852
209011197,Greensborough,20800
209011198,Heidelberg - Rosanna,16047
209011199,Heidelberg West,14852
209011200,Ivanhoe,12476
209011201,Ivanhoe East - Eaglemont,7745
209011202,Montmorency - Briar Hill,16556
209011203,Viewbank - Yallambie,18707
209011204,Watsonia,9192
209021205,Kingsbury,10402
209021428,Preston - East,20678
209021429,Preston - West,12648
209021523,Reservoir - North East,14834
209021524,Reservoir - North West,9772
209021525,Reservoir - South East,12818
209021526,Reservoir - South West,14110
209031209,Eltham,23415
209031210,Hurstbridge,3537
209031211,Kinglake,4197
209031212,Panton Hill - St Andrews,5083
209031213,Plenty - Yarrambat,9477
209031214,Research - North Warrandyte,6949
209031215,Wattle Glen - Diamond Creek,14415
209041216,Bundoora - North,7340
209041217,Bundoora - West,6179
209041220,Mill Park - North,17471
209041221,Mill Park - South,11216
209041223,Thomastown,19952
209041224,Wallan,22621
209041225,Whittlesea,10705
209041431,Epping - East,13162
209041432,Epping - South,8219
209041433,Epping (Vic.) - West,12136
209041435,South Morang - North,12594
209041436,South Morang - South,12427
209041437,Wollert,24398
209041527,Doreen - North,16270
209041528,Doreen - South,10462
209041529,Lalor - East,9960
209041530,Lalor - West,13540
209041531,Mernda - North,11487
209041532,Mernda - South,11937
210011226,Airport West,8149
210011227,Essendon Airport,13
210011228,Keilor,8553
210011230,Niddrie - Essendon West,7468
210011231,Strathmore,10024
210011533,Avondale Heights,12401
210011534,Keilor East,15065
210021232,Gisborne,14210
210021233,Macedon,3520
210021234,Riddells Creek,4470
210021235,Romsey,10752
210031236,Coburg North,8429
210031237,Fawkner,13968
210031439,Gowanbrae,3104
210031440,Hadfield,6251
210031535,Glenroy - East,14764
210031536,Glenroy - West,8854
210031537,Oak Park,7907
210031538,Pascoe Vale,17210
210041240,Sunbury,13644
210041539,Diggers Rest,5249
210041540,Sunbury - South,14989
210041541,Sunbury - West,11191
210051242,Broadmeadows,13872
210051243,Campbellfield - Coolaroo,16069
210051245,Gladstone Park - Westmeadows,17994
210051246,Greenvale - Bulla,22102
210051247,Meadow Heights,14879
210051248,Melbourne Airport,126
210051250,Tullamarine,6552
210051441,Craigieburn - Central,8074
210051442,Craigieburn - North,12289
210051443,Craigieburn - South,21650
210051445,Mickleham - Yuroke,23356
210051542,Craigieburn - North West,9851
210051543,Craigieburn - West,13002
210051544,Roxburgh Park (South) - Somerton,9484
210051545,Roxburgh Park - North,14652
211011251,Bayswater,12595
211011254,Knoxfield - Scoresby,16546
211011255,Lysterfield,6579
211011256,Rowville - Central,15449
211011257,Rowville - North,7929
211011258,Rowville - South,10404
211011259,Wantirna,14312
211011260,Wantirna South,17926
211011446,Boronia,23524
211011447,Ferntree Gully - North,14134
211011448,Ferntree Gully (South) - Upper Ferntree Gully,15356
211011449,The Basin,4353
211021261,Donvale - Park Orchards,16263
211021262,Warrandyte - Wonga Park,10080
211031263,Bayswater North,11863
211031265,Croydon Hills - Warranwood,18030
211031266,Ringwood,18726
211031267,Ringwood East,21089
211031268,Ringwood North,9669
211031450,Croydon - East,16148
211031451,Croydon - West,14115
211031452,Croydon South,4901
211041269,Forest Hill,10807
211041270,Mitcham (Vic.),16816
211041271,Nunawading,12431
211041272,Vermont,11010
211041273,Vermont South,11945
211051274,Belgrave - Selby,10008
211051275,Chirnside Park,11767
211051276,Healesville - Yarra Glen,14080
211051277,Kilsyth,9893
211051278,Lilydale - Coldstream,19604
211051279,Monbulk - Silvan,5822
211051280,Montrose,6934
211051281,Mooroolbark,23193
211051282,Mount Dandenong - Olinda,9694
211051283,Mount Evelyn,9791
211051284,Upwey - Tecoma,9807
211051285,Wandin - Seville,7913
211051286,Yarra Valley,16809
212011289,Emerald - Cockatoo,18636
212011546,Beaconsfield - Officer,23633
212011547,Bunyip - Garfield,9887
212011548,Koo Wee Rup,10089
212011549,Pakenham - North East,15434
212011550,Pakenham - North West,7486
212011551,Pakenham - South East,6441
212011552,Pakenham - South West,26791
212021293,Berwick - North,22938
212021295,Doveton,11876
212021297,Hallam,11459
212021299,Narre Warren North,8230
212021453,Endeavour Hills - North,12067
212021454,Endeavour Hills - South,13387
212021455,Narre Warren - North East,13490
212021456,Narre Warren - South West,14749
212021553,Berwick - South East,17778
212021554,Berwick - South West,11279
212031300,Cranbourne,21231
212031303,Cranbourne South,17456
212031304,Cranbourne West,21530
212031306,Lynbrook - Lyndhurst,17985
212031308,Pearcedale - Tooradin,8040
212031457,Narre Warren South - East,13140
212031458,Narre Warren South - West,16723
212031555,Clyde North - North,10532
212031556,Clyde North - South,14806
212031557,Cranbourne East - North,23433
212031558,Cranbourne East - South,12291
212031559,Cranbourne North - East,12744
212031560,Cranbourne North - West,11932
212031561,Hampton Park - East,12726
212031562,Hampton Park - West,13391
212041309,Clarinda - Oakleigh South,11570
212041310,Clayton South,13343
212041312,Dandenong North,22558
212041313,Dingley Village,10496
212041316,Noble Park North,7471
212041317,Springvale,22261
212041318,Springvale South,12642
212041459,Noble Park - East,12743
212041460,Noble Park - West,19632
212041563,Dandenong - North,21475
212041564,Dandenong - South,9332
212041565,Keysborough - North,15114
212041566,Keysborough - South,15138
212051319,Ashwood - Chadstone,19514
212051321,Glen Waverley - East,21605
212051322,Glen Waverley - West,21026
212051323,Mount Waverley - North,16062
212051324,Mount Waverley - South,19292
212051325,Mulgrave,19870
212051326,Oakleigh - Huntingdale,22915
212051327,Wheelers Hill,20612
212051567,Clayton (North) - Notting Hill,9825
212051568,Clayton - Central,12067
213011328,Ardeer - Albion,7514
213011329,Cairnlea,10029
213011331,Delahey,8051
213011332,Keilor Downs,13108
213011333,Kings Park (Vic.),14006
213011334,St Albans - North,20582
213011335,St Albans - South,17452
213011336,Sunshine,9408
213011337,Sunshine North,12032
213011338,Sunshine West,18551
213011339,Sydenham,11718
213011340,Taylors Lakes,16904
213011569,Deer Park,17994
213011570,Derrimut,8666
213021341,Altona,13585
213021342,Altona Meadows,18481
213021343,Altona North,14942
213021344,Newport,18754
213021345,Seabrook,4948
213021346,Williamstown,15830
213031347,Braybrook,19099
213031348,Footscray,17091
213031349,Maribyrnong,12588
213031350,Seddon - Kingsville,9226
213031351,West Footscray - Tottenham,11751
213031352,Yarraville,15526
213041353,Bacchus Marsh,24700
213041358,Melton West,21236
213041359,Rockbank - Mount Cottrell,17530
213041360,Taylors Hill,19532
213041461,Burnside,5796
213041462,Burnside Heights,6405
213041463,Caroline Springs,20337
213041571,Brookfield,9829
213041572,Cobblebank - Strathtulloh,7618
213041573,Eynesbury - Exford,2999
213041574,Fraser Rise - Plumpton,10122
213041575,Hillside,16191
213041576,Kurunjang - Toolern Vale,11635
213041577,Melton,7926
213041578,Melton South - Weir Views,16667
213051361,Hoppers Crossing - North,18393
213051362,Hoppers Crossing - South,18767
213051363,Laverton,11450
213051368,Werribee - South,16820
213051464,Point Cook - East,19237
213051466,Point Cook - South,19088
213051467,Werribee - East,19026
213051468,Werribee - West,22338
213051579,Manor Lakes - Quandong,10584
213051580,Point Cook - North East,14150
213051581,Point Cook - North West,9565
213051582,Tarneit (West) - Mount Cottrell,10149
213051583,Tarneit - Central,28138
213051584,Tarneit - North,7225
213051585,Tarneit - South,11189
213051586,Truganina - North,9293
213051587,Truganina - South East,9612
213051588,Truganina - South West,19073
213051589,Wyndham Vale - North,9010
213051590,Wyndham Vale - South,13535
214011370,Carrum Downs,21955
214011371,Frankston,23567
214011372,Frankston North,19423
214011373,Frankston South,18808
214011374,Langwarrin,24973
214011375,Seaford (Vic.),17187
214011376,Skye - Sandhurst,13322
214021377,Dromana,13395
214021378,Flinders,6005
214021379,Hastings - Somers,23927
214021381,Mount Eliza,18728
214021382,Mount Martha,19856
214021383,Point Nepean,19816
214021384,Rosebud - McCrae,22971
214021385,Somerville,18498
214021591,Mornington - East,15170
214021592,Mornington - West,10591
215011386,Ararat,8462
215011387,Ararat Surrounds,3227
215011388,Horsham,16972
215011389,Horsham Surrounds,3482
215011390,Nhill Region,6959
215011391,St Arnaud,3469
215011392,Stawell,8495
215011393,West Wimmera,2745
215011394,Yarriambiack,6484
215021395,Irymple,7682
215021396,Merbein,4946
215021398,Mildura Surrounds,3727
215021399,Red Cliffs,6125
215021469,Mildura - North,18028
215021470,Mildura - South,16436
215031400,Buloke,6206
215031401,Gannawarra,6744
215031402,Kerang,3938
215031403,Robinvale,3757
215031404,Swan Hill,11213
215031405,Swan Hill Surrounds,6477
216011406,Echuca,15641
216011407,Kyabram,11136
216011408,Lockington - Gunbower,3933
216011409,Rochester,3991
216011410,Rushworth,4144
216021411,Cobram,6456
216021412,Moira,2827
216021413,Numurkah,12578
216021414,Yarrawonga,8661
216031415,Mooroopna,8295
216031416,Shepparton - North,19933
216031418,Shepparton Surrounds - East,4022
216031419,Shepparton Surrounds - West,10341
216031593,Kialla,9071
216031594,Shepparton - South East,16466
217011420,Glenelg (Vic.),8884
217011421,Hamilton (Vic.),10353
217011422,Portland,11214
217011423,Southern Grampians,6320
217031471,Camperdown,3490
217031472,Colac,12752
217031473,Colac Surrounds,5693
217031474,Corangamite - North,5392
217031475,Corangamite - South,7198
217031476,Otway,3975
217041477,Moyne - East,7004
217041478,Moyne - West,9973
217041479,Warrnambool - North,22401
217041480,Warrnambool - South,13344
297979799,Migratory - Offshore - Shipping (Vic.),35
299999499,No usual address (Vic.),9089
301011001,Alexandra Hills,16561
301011002,Belmont - Gumdale,7573
301011003,Birkdale,15218
301011004,Capalaba,18242
301011005,Thorneside,3888
301011006,Wellington Point,11877
301021007,Cleveland,15832
301021008,Ormiston,6388
301021009,Redland Bay,17734
301021011,Sheldon - Mount Cotton,8370
301021012,Thornlands,19260
301021013,Victoria Point,15158
301021550,North Stradbroke Island,2168
301021551,Southern Moreton Bay Islands,8509
301031014,Brisbane Port - Lytton,3
301031015,Manly - Lota,7847
301031016,Manly West,11870
301031017,Murarrie,4779
301031018,Tingalpa,8859
301031019,Wakerley,9457
301031020,Wynnum,14492
301031021,Wynnum West - Hemmant,15695
302011022,Bald Hills,7818
302011023,Bridgeman Downs,10506
302011024,Carseldine,9830
302011025,Everton Park,10029
302011026,McDowall,7881
302021027,Aspley,12874
302021028,Chermside,11409
302021029,Chermside West,6604
302021030,Geebung,4520
302021031,Kedron - Gordon Park,14474
302021032,Stafford,6904
302021033,Stafford Heights,7159
302021034,Wavell Heights,10331
302031035,Boondall,9611
302031036,Brisbane Airport,128
302031037,Eagle Farm - Pinkenba,2075
302031038,Northgate - Virginia,7058
302031039,Nudgee - Banyo,10787
302031040,Nundah,13340
302041041,Bracken Ridge,17456
302041042,Brighton (Qld),9666
302041043,Deagon,3765
302041044,Sandgate - Shorncliffe,6808
302041045,Taigum - Fitzgibbon,14077
302041046,Zillmere,9349
303011047,Camp Hill,12166
303011048,Cannon Hill,6953
303011049,Carina,11800
303011050,Carina Heights,6865
303011051,Carindale,16522
303021052,Annerley,11926
303021053,Coorparoo,17837
303021054,Fairfield - Dutton Park,4991
303021055,Greenslopes,10511
303021056,Holland Park,8870
303021057,Holland Park West,6427
303021058,Woolloongabba,8590
303021059,Yeronga,10190
303031060,Eight Mile Plains,15188
303031061,Macgregor (Qld),5947
303031062,Mansfield (Qld),8884
303031063,Mount Gravatt,15896
303031064,Rochedale - Burbank,11059
303031065,Upper Mount Gravatt,11031
303031066,Wishart,11441
303041067,Coopers Plains,5707
303041068,Moorooka,10813
303041069,Robertson,4881
303041070,Salisbury - Nathan,7570
303041071,Tarragindi,10956
303051072,Algester,9062
303051073,Calamvale - Stretton,22865
303051074,Pallara - Willawong,10237
303051075,Parkinson - Drewvale,16097
303051076,Rocklea - Acacia Ridge,9681
303061077,Kuraby,9033
303061078,Runcorn,14038
303061079,Sunnybank,9036
303061080,Sunnybank Hills,18070
304011081,Jindalee - Mount Ommaney,7637
304011082,Middle Park - Jamboree Heights,7111
304011083,Riverhills,4141
304011084,Seventeen Mile Rocks - Sinnamon Park,9700
304011085,Westlake,4462
304021086,Bellbowrie - Moggill,10572
304021087,Brookfield - Kenmore Hills,7029
304021088,Chapel Hill,10751
304021089,Fig Tree Pocket,4347
304021090,Kenmore,9421
304021091,Pinjarra Hills - Pullenvale,5669
304031092,Chelmer - Graceville,7851
304031093,Corinda,5301
304031094,Indooroopilly,13467
304031095,Sherwood,6452
304031096,St Lucia,12198
304031097,Taringa,9037
304041098,Enoggera,9052
304041099,Enoggera Reservoir,33
304041100,Keperra,7419
304041101,Mitchelton,8913
304041102,Mount Coot-tha,0
304041103,The Gap,17077
304041104,Upper Kedron - Ferny Grove,11692
305011105,Brisbane City,13287
305011106,Fortitude Valley,9526
305011107,Highgate Hill,6361
305011108,Kangaroo Point,9745
305011109,New Farm,12465
305011110,South Brisbane,14231
305011111,Spring Hill,6878
305011112,West End,14945
305021113,Balmoral,4576
305021114,Bulimba,7428
305021115,East Brisbane,6108
305021116,Hawthorne,5119
305021117,Morningside - Seven Hills,14271
305021118,Norman Park,6875
305031119,Albion,4321
305031120,Alderley,6617
305031121,Ascot,5788
305031122,Clayfield,10769
305031123,Grange,4633
305031124,Hamilton (Qld),6760
305031125,Hendra,4956
305031126,Kelvin Grove - Herston,10155
305031127,Newmarket,5082
305031128,Newstead - Bowen Hills,17983
305031129,Wilston,4048
305031130,Windsor,7982
305031131,Wooloowin - Lutwyche,11007
305041132,Ashgrove,13696
305041133,Auchenflower,5654
305041134,Bardon,10369
305041135,Paddington - Milton,12171
305041136,Red Hill (Qld),5956
305041137,Toowong,12388
306011138,Brinsmead,5554
306011139,Clifton Beach - Kewarra Beach,11764
306011140,Freshwater - Stratford,3745
306011141,Redlynch,13739
306011142,Trinity Beach - Smithfield,16757
306011143,Yorkeys Knob - Machans Beach,6116
306021144,Bentley Park,8353
306021145,Cairns City,12540
306021146,Earlville - Bayview Heights,8364
306021147,Edmonton,11403
306021148,Gordonvale - Trinity,9824
306021149,Kanimbla - Mooroobool,9986
306021150,Lamb Range,7
306021151,Manoora,6190
306021152,Manunda,5180
306021153,Mount Sheridan,8685
306021154,Westcourt - Bungalow,6516
306021155,White Rock,4926
306021156,Whitfield - Edge Hill,8353
306021157,Woree,5112
306031158,Babinda,4559
306031159,Innisfail,9278
306031160,Johnstone,8009
306031161,Tully,11011
306031162,Wooroonooran,0
306031163,Yarrabah,2507
306041164,Daintree,6644
306041165,Port Douglas,5593
306051166,Atherton,11582
306051167,Herberton,5499
306051168,Kuranda,4821
306051169,Malanda - Yungaburra,9066
306051170,Mareeba,11828
307011171,Balonne,4332
307011172,Chinchilla,8777
307011173,Goondiwindi,6253
307011174,Inglewood - Waggamba,4065
307011175,Miles - Wandoan,4177
307011176,Roma,6853
307011177,Roma Surrounds,5974
307011178,Tara,3860
307021179,Crows Nest - Rosalie,9176
307021180,Jondaryan,7681
307021181,Millmerran,3195
307021182,Pittsworth,5787
307021183,Wambo,16987
307031184,Clifton - Greenmount,5134
307031185,Southern Downs - East,4375
307031186,Southern Downs - West,4975
307031187,Stanthorpe,5284
307031188,Stanthorpe Surrounds,6241
307031189,Warwick,15541
308011190,Central Highlands - East,7177
308011191,Central Highlands - West,7680
308011192,Emerald,14099
308031205,Berserker,7027
308031206,Bouldercombe,1950
308031207,Emu Park,5769
308031208,Frenchville - Mount Archer,9043
308031209,Glenlee - Rockyview,5240
308031210,Gracemere,12397
308031211,Lakes Creek,4874
308031212,Mount Morgan,2943
308031213,Norman Gardens,10676
308031214,Park Avenue,5295
308031215,Parkhurst - Kawana,7474
308031216,Rockhampton - West,5912
308031217,Rockhampton City,3354
308031218,Rockhampton Surrounds - East,3513
308031219,Rockhampton Surrounds - North,4602
308031220,Rockhampton Surrounds - West,3014
308031221,Shoalwater Bay,22
308031222,The Range - Allenstown,8002
308031223,Yeppoon,20271
308041528,Banana,8798
308041529,Biloela,5709
308051530,Agnes Water - Miriam Vale,6787
308051531,Boyne Island - Tannum Sands,10049
308051532,Callemondah,36
308051533,Clinton - New Auckland,14197
308051534,Gladstone,6186
308051535,Gladstone Hinterland,11549
308051536,Kin Kora - Sun Valley,3531
308051537,South Trees,0
308051538,Telina - Toolooa,6384
308051539,West Gladstone,4835
309011224,Broadbeach Waters,8192
309011225,Burleigh Heads,9183
309011226,Burleigh Waters,14398
309011227,Mermaid Beach - Broadbeach,14037
309011228,Mermaid Waters,13163
309011229,Miami,7402
309021230,Coolangatta,6472
309021231,Currumbin - Tugun,12358
309021232,Currumbin Waters,9808
309021233,Elanora,12541
309021234,Palm Beach,16347
309031235,Arundel,11184
309031236,Biggera Waters,10015
309031237,Coombabah,10276
309031238,Labrador,18672
309031239,Paradise Point - Hollywell,9983
309031240,Runaway Bay,9350
309041241,Guanaba - Springbrook,4380
309041242,Tamborine - Canungra,15726
309051243,Currumbin Valley - Tallebudgera,7686
309051244,Mudgeeraba - Bonogin,19556
309051245,Reedy Creek - Andrews,8790
309061246,Carrara,13156
309061247,Highland Park,8439
309061248,Nerang - Mount Nathan,21242
309061249,Pacific Pines - Gaven,18268
309061250,Worongary - Tallai,8566
309071251,Coomera,20241
309071252,Helensvale,18933
309071253,Hope Island,14650
309071254,Jacobs Well - Alberton,4616
309071256,Oxenford - Maudsland,17968
309071552,Ormeau (East) - Stapylton,10701
309071553,Ormeau (West) - Yatala,11882
309071554,Pimpama - North,9894
309071555,Pimpama - South,10475
309071556,Upper Coomera (South) - Wongawallan,11422
309071557,Upper Coomera - North,20309
309071558,Willow Vale - Pimpama (West),7038
309081259,Clear Island Waters,4398
309081260,Merrimac,7191
309081262,Varsity Lakes,16655
309081559,Robina - East,16891
309081560,Robina - West,8783
309091263,Ashmore,12437
309091264,Molendinar,6443
309091265,Parkwood,8841
309091540,Southport - North,17884
309091541,Southport - South,18914
309101267,Benowa,9878
309101268,Bundall,4886
309101269,Main Beach,3979
309101561,Surfers Paradise - North,12239
309101562,Surfers Paradise - South,14198
310011271,Darra - Sumner,4704
310011272,Durack,8266
310011274,Inala - Richlands,19902
310011275,Oxley (Qld),8607
310011276,Wacol,6238
310011563,Doolandella,8606
310011564,Forest Lake - Ellen Grove,22498
310021277,Boonah,12568
310021278,Esk,5031
310021279,Lake Manchester - England Creek,0
310021280,Lockyer Valley - East,21239
310021281,Lowood,14168
310021282,Rosewood,14232
310031283,Brassall,12105
310031284,Bundamba,9344
310031285,Churchill - Yamanto,6811
310031286,Ipswich - Central,6717
310031287,Ipswich - East,17990
310031288,Ipswich - North,4563
310031289,Karalee - Barellan Point,6685
310031290,Karana Downs,6019
310031291,Leichhardt - One Mile,8279
310031292,North Ipswich - Tivoli,6400
310031293,Raceview,15158
310031294,Ripley,12802
310031295,Riverview,3070
310041297,Camira - Gailes,9266
310041298,Carole Park,0
310041299,Collingwood Park - Redbank,11681
310041300,Goodna,10879
310041301,New Chum,3
310041302,Redbank Plains,24308
310041303,Springfield,7321
310041304,Springfield Lakes,23536
310041565,Augustine Heights - Brookwater,8971
310041566,Bellbird Park,9211
311011305,Beaudesert,14646
311021306,Beenleigh,8427
311021307,Eagleby,13600
311021308,Edens Landing - Holmview,9553
311021309,Mount Warren Park,5707
311021310,Wolffdene - Bahrs Scrub,9009
311031311,Boronia Heights - Park Ridge,19166
311031312,Browns Plains,8161
311031313,Chambers Flat - Logan Reserve,8858
311031314,Crestmead,12157
311031315,Greenbank Military Camp,0
311031316,Hillcrest,8834
311031317,Marsden,15992
311031318,Munruben - Park Ridge South,4402
311031319,Regents Park - Heritage Park,16046
311041322,Logan Village,8627
311041567,Flagstone (East) - Riverbend,6633
311041568,Flagstone (West) - New Beith,10018
311041569,Greenbank - North Maclean,7612
311041570,Jimboomba - Glenlogan,18044
311041571,Yarrabilba,10715
311051323,Bethania - Waterford,12122
311051324,Cornubia - Carbrook,9086
311051325,Loganholme - Tanah Merah,11571
311051326,Loganlea,11808
311051327,Shailer Park,12104
311051328,Waterford West,7810
311061329,Daisy Hill,6892
311061330,Kingston (Qld),10376
311061331,Logan Central,6370
311061332,Rochedale South - Priestdale,15395
311061333,Slacks Creek,10421
311061334,Springwood,9872
311061335,Underwood,6841
311061336,Woodridge,12959
312011337,Bowen,9872
312011338,Broadsound - Nebo,8737
312011339,Clermont,3898
312011340,Collinsville,3884
312011341,Moranbah,9429
312021342,Andergrove - Beaconsfield,15814
312021343,East Mackay,3768
312021344,Eimeo - Rural View,13500
312021345,Eungella Hinterland,13
312021346,Mackay,4007
312021347,Mackay Harbour,615
312021348,Mount Pleasant - Glenella,11560
312021349,North Mackay,6286
312021350,Ooralea - Bakers Creek,5917
312021351,Pioneer Valley,8914
312021352,Sarina,11783
312021353,Seaforth - Calen,8179
312021354,Shoal Point - Bucasia,6110
312021355,Slade Point,3443
312021356,South Mackay,6932
312021357,Walkerston - Eton,8429
312021358,West Mackay,6374
312031359,Airlie - Whitsundays,14533
312031360,Cape Conway,0
312031361,Proserpine,8887
313011362,Beachmere - Sandstone Point,16470
313011363,Bribie Island,20594
313021364,Burpengary - East,6646
313021366,Caboolture - South,23616
313021367,Elimbah,4274
313021368,Morayfield - East,11065
313021369,Wamuran,4215
313021572,Caboolture - East,17718
313021573,Caboolture - West,12144
313031370,Kilcoy,5793
313031371,Woodford - D'Aguilar,9082
313041372,Burpengary,16475
313041373,Deception Bay,22736
313041374,Morayfield,5897
313041375,Narangba,20874
313041376,Upper Caboolture,3273
313051377,Clontarf,8393
313051378,Margate - Woody Point,12001
313051379,Redcliffe,10414
313051380,Rothwell - Kippa-Ring,17414
313051574,Moreton Island,316
313051575,Scarborough - Newport,15232
314011382,Albany Creek,16407
314011383,Cashmere,19628
314011384,Dayboro,9208
314011385,Eatons Hill,7849
314011386,The Hills District,24320
314011387,Samford Valley,12388
314021389,Murrumba Downs - Griffin,23041
314021576,Dakabin,5272
314021577,Kallangur,21704
314021578,Mango Hill,14942
314021579,North Lakes,23062
314031391,Bray Park,10271
314031392,Lawnton,7114
314031393,Petrie,8725
314031394,Strathpine - Brendale,13764
315011395,Aurukun,1101
315011396,Cape York,7758
315011397,Croydon - Etheridge,985
315011398,Kowanyama - Pormpuraaw,1695
315011399,Northern Peninsula,2781
315011400,Tablelands,6214
315011401,Torres,3422
315011402,Torres Strait Islands,4132
315011403,Weipa,4102
315021404,Carpentaria,4914
315021405,Mount Isa,18289
315021406,Mount Isa Surrounds,4051
315021407,Northern Highlands,3097
315031408,Barcaldine - Blackall,4724
315031409,Charleville,3950
315031410,Far Central West,2151
315031411,Far South West,2721
315031412,Longreach,3627
316011413,Buderim - North,17953
316011414,Buderim - South,17502
316011415,Mountain Creek,11926
316011416,Sippy Downs,11552
316021417,Aroona - Currimundi,10067
316021418,Buddina - Minyama,6953
316021419,Caloundra - Kings Beach,6956
316021421,Golden Beach - Pelican Waters,13059
316021422,Moffat Beach - Battery Hill,8148
316021423,Parrearra - Warana,10375
316021424,Wurtulla - Birtinya,10644
316021580,Caloundra West - Baringa,15686
316021581,Meridan Plains - Little Mountain (North),14439
316031425,Coolum Beach,15969
316031426,Marcoola - Mudjimba,11936
316031427,Maroochydore - Kuluin,23296
316031428,Mooloolaba - Alexandra Headland,12397
316051434,Noosa Heads,5118
316051435,Noosaville,9325
316051437,Sunshine Beach,6857
316051438,Tewantin,10548
316051543,Peregian Beach - Marcus Beach,4106
316051544,Peregian Springs,10674
316061439,Beerwah,9241
316061440,Caloundra Hinterland,9094
316061441,Glass House Mountains,6529
316061442,Landsborough,15648
316061443,Maroochy Hinterland,6841
316061444,Palmwoods,11676
316071545,Bli Bli,10761
316071546,Diddillibah - Rosemount,4431
316071547,Eumundi - Yandina,12353
316071548,Nambour,22466
316081549,Noosa Hinterland,24172
317011445,Cambooya - Wyreema,7903
317011446,Darling Heights,14596
317011447,Drayton - Harristown,10780
317011448,Gatton,7992
317011449,Gowrie (Qld),7089
317011450,Highfields,14587
317011451,Lockyer Valley - West,11933
317011452,Middle Ridge,7599
317011453,Newtown (Qld),10039
317011454,North Toowoomba - Harlaxton,6425
317011455,Rangeville,8663
317011456,Toowoomba - Central,14035
317011457,Toowoomba - East,10510
317011458,Toowoomba - West,15847
317011459,Wilsonton,14126
318011460,Ayr,8964
318011461,Burdekin,7638
318011462,Charters Towers,8061
318011463,Dalrymple,3738
318011464,Ingham,4468
318011465,Ingham Surrounds,6436
318011466,Palm Island,2098
318021467,Aitkenvale,4817
318021468,Annandale (Qld),10100
318021469,Belgian Gardens - Pallarenda,3198
318021470,Bohle Plains,8505
318021471,Condon - Rasmussen,10812
318021472,Cranbrook,5871
318021474,Douglas,7847
318021475,Garbutt - West End,6260
318021476,Gulliver - Currajong - Vincent,7562
318021477,Heatley,3908
318021478,Hermit Park - Rosslea,5403
318021479,Hyde Park - Pimlico,4737
318021480,Kelso,10712
318021481,Kirwan - East,7662
318021482,Kirwan - West,14956
318021483,Magnetic Island,2457
318021484,Mount Louisa,10090
318021485,Mundingburra,3588
318021486,Northern Beaches,6554
318021487,Oonoonba,7013
318021488,South Townsville - Railway Estate,5314
318021489,Townsville - South,4761
318021490,Townsville City - North Ward,9156
318021491,Wulguru - Roseneath,6099
318021582,Burdell - Mount Low,19306
318021583,Deeragun - Jensen,6075
319011492,Ashfield - Kepnock,5644
319011493,Bargara - Burnett Heads,18965
319011494,Branyan - Kensington,5382
319011495,Bundaberg,6251
319011496,Bundaberg East - Kalkie,5823
319011497,Bundaberg North - Gooburrum,7398
319011498,Bundaberg Surrounds - North,9280
319011499,Bundaberg Surrounds - South,10814
319011500,Millbank - Avoca,7392
319011501,Svensson Heights - Norville,5813
319011502,Walkervale - Avenell Heights,10979
319021503,Gayndah - Mundubbera,6406
319021504,Gin Gin,5396
319021505,Kingaroy,10522
319021506,Kingaroy Surrounds - North,9545
319021507,Kingaroy Surrounds - South,4165
319021508,Monto - Eidsvold,3665
319021509,Nanango,9949
319021510,North Burnett,17
319031511,Cooloola,6565
319031512,Gympie - North,14864
319031513,Gympie - South,7596
319031514,Gympie Surrounds,20344
319031515,Kilkivan,3800
319041516,Booral - River Heads,5769
319041517,Craignish - Dundowran Beach,5593
319041518,Pialba - Eli Waters,15859
319041519,Point Vernon,5723
319041520,Torquay - Scarness - Kawungan,15766
319041521,Urangan - Wondunna,14793
319051522,Burrum - Fraser,10581
319051523,Granville,3057
319051524,Maryborough (Qld),18562
319051525,Maryborough Surrounds - South,9525
319051526,Tinana,5895
397979799,Migratory - Offshore - Shipping (Qld),184
399999499,No usual address (Qld),14670
401011001,Adelaide,18223
401011002,North Adelaide,6876
401021003,Adelaide Hills,7032
401021004,Aldgate - Stirling,18214
401021005,Hahndorf - Echunga,4740
401021006,Lobethal - Woodside,9410
401021007,Mount Barker,22080
401021008,Mount Barker Surrounds,6851
401021009,Nairne,5332
401021010,Uraidla - Summertown,6053
401031011,Burnside - Wattle Park,19092
401031012,Beaumont - Glen Osmond,10320
401031013,Toorak Gardens,16635
401041014,Athelstone,9599
401041015,Paradise - Newton,21614
401041016,Rostrevor - Magill,23931
401051017,Norwood (SA),10854
401051018,Payneham - Felixstow,13127
401051019,St Peters - Marden,13528
401061020,Nailsworth - Broadview,6469
401061021,Prospect,15805
401061022,Walkerville,7998
401071023,Goodwood - Millswood,17632
401071024,Unley - Parkside,20956
402011025,Gawler - North,9521
402011026,Gawler - South,21679
402011027,Lewiston - Two Wells,6480
402021028,Craigmore - Blakeview,19890
402021029,Davoren Park,18343
402021030,Elizabeth,10820
402021031,Elizabeth East,14047
402021032,Munno Para West - Angle Vale,16229
402021033,One Tree Hill,2498
402021034,Smithfield - Elizabeth North,12432
402021035,Virginia - Waterloo Corner,5707
402031036,Enfield - Blair Athol,25532
402031038,Windsor Gardens,22516
402031175,Northgate - Northfield,18241
402031176,Valley View - Gilles Plains,10489
402041039,Dry Creek - North,0
402041040,Ingle Farm,15666
402041041,Para Hills,15118
402041042,Parafield,21
402041043,Parafield Gardens,18472
402041044,Paralowie,17796
402041046,Salisbury,18584
402041047,Salisbury East,18453
402041048,Salisbury North,18520
402041171,Mawson Lakes - Globe Derby Park,13876
402041172,Pooraka - Cavan,8079
402051049,Golden Grove,10404
402051050,Greenwith,9017
402051051,Highbury - Dernancourt,11035
402051052,Hope Valley - Modbury,17494
402051053,Modbury Heights,19233
402051054,Redwood Park,16283
402051055,St Agnes - Ridgehaven,13166
403011056,Brighton (SA),15196
403011057,Glenelg (SA),20505
403021058,Edwardstown,14552
403021059,Hallett Cove,12625
403021060,Marino - Seaview Downs,9722
403021061,Mitchell Park,16492
403021062,Morphettville,16526
403021063,Sheidow Park - Trott Park,10204
403021064,Warradale,16198
403031065,Belair,4875
403031066,Bellevue Heights,7580
403031067,Blackwood,12937
403031068,Colonel Light Gardens,15862
403031069,Mitcham (SA),16473
403031070,Panorama,8476
403041071,Aberfoyle Park,11895
403041072,Aldinga,15947
403041073,Christie Downs,9478
403041074,Christies Beach,11097
403041075,Clarendon,2717
403041076,Coromandel Valley,4471
403041077,Flagstaff Hill,10761
403041078,Hackham - Onkaparinga Hills,6894
403041079,Hackham West - Huntfield Heights,7796
403041080,Happy Valley,13850
403041081,Happy Valley Reservoir,0
403041082,Lonsdale,18
403041083,McLaren Vale,7333
403041084,Morphett Vale - East,13842
403041085,Morphett Vale - West,10126
403041086,Reynella,10298
403041088,Willunga,3615
403041089,Woodcroft,11556
403041177,Seaford - Seaford Meadows,14184
403041178,Seaford Rise - Moana,10639
404011090,Beverley,8861
404011091,Flinders Park,16382
404011092,Henley Beach,15595
404011093,Hindmarsh - Brompton,19087
404011094,Royal Park - Hendon - Albert Park,6518
404011095,Seaton - Grange,17500
404011096,West Lakes,15219
404011097,Woodville - Cheltenham,19236
404021098,Dry Creek - South,0
404021099,Largs Bay - Semaphore,14802
404021100,North Haven,14808
404021101,Port Adelaide,11541
404021102,The Parks,19632
404021103,Torrens Island,4
404031104,Adelaide Airport,4
404031105,Fulham,2919
404031106,Lockleys,13407
404031107,Plympton,26476
404031108,Richmond (SA),16984
404031109,West Beach,5155
405011110,Barossa - Angaston,6462
405011111,Light,9776
405011112,Lyndoch,6536
405011113,Mallala,3320
405011114,Nuriootpa,7178
405011115,Tanunda,4667
405021116,Clare,4101
405021117,Gilbert Valley,5027
405021118,Goyder,4079
405021119,Wakefield - Barunga West,9489
405031120,Jamestown,4577
405031121,Peterborough - Mount Remarkable,5337
405031122,Port Pirie,13909
405031123,Port Pirie Surrounds,3347
405041124,Kadina,5404
405041125,Moonta,5242
405041126,Wallaroo,4406
405041127,Yorke Peninsula - North,7468
405041128,Yorke Peninsula - South,4085
406011129,Ceduna,2696
406011130,Eyre Peninsula,6807
406011131,Kimba - Cleve - Franklin Harbour,4224
406011132,Le Hunte - Elliston,2135
406011133,Port Lincoln,16309
406011134,West Coast (SA),3638
406011135,Western,136
406011136,Whyalla,21159
406011137,Whyalla - North,0
406021138,APY Lands,2337
406021139,Coober Pedy,1569
406021140,Quorn - Lake Gilles,2138
406021141,Outback,2016
406021142,Port Augusta,13517
406021143,Roxby Downs,3976
407011144,Goolwa - Port Elliot,12450
407011145,Kangaroo Island,4923
407011146,Strathalbyn,7843
407011147,Strathalbyn Surrounds,7963
407011148,Victor Harbor,15819
407011149,Yankalilla,6503
407021150,Grant,6146
407021151,Kingston - Robe,3873
407021152,Millicent,5242
407021154,Naracoorte,6318
407021155,Naracoorte Surrounds,2406
407021156,Penola,3125
407021157,Tatiara,6902
407021158,Wattle Range,3457
407021173,Mount Gambier - East,14955
407021174,Mount Gambier - West,14522
407031159,Barmera,6391
407031160,Berri,4150
407031161,Karoonda - Lameroo,2905
407031162,Loxton,5580
407031163,Loxton Surrounds,1760
407031164,Mannum,6617
407031165,Murray Bridge,18239
407031166,Murray Bridge Surrounds,3755
407031167,Renmark,4700
407031168,Renmark Surrounds,5093
407031169,The Coorong,5482
407031170,Waikerie,6630
497979799,Migratory - Offshore - Shipping (SA),12
499999499,No usual address (SA),3377
501011001,Augusta,6601
501011003,Busselton Surrounds,11846
501011004,Margaret River,10135
501011293,Busselton - East,9315
501011294,Busselton - West,19229
501021005,Australind - Leschenault,19280
501021007,Capel,5464
501021008,College Grove - Carey Park,6975
501021009,Collie,8816
501021010,Dardanup,3275
501021011,Davenport,10
501021012,Eaton - Pelican Point,12279
501021014,Harvey,9328
501021015,East Bunbury - Glen Iris,7196
501021016,Waroona,4218
501021251,Dalyellup,9773
501021252,Gelorup - Stratham,3072
501021253,South Bunbury - Bunbury,12753
501021254,Withers - Usher,5103
501031017,Bridgetown - Boyup Brook,7070
501031018,Donnybrook - Balingup,6168
501031019,Manjimup,5444
501031020,Pemberton,5207
502011021,Dawesville - Bouvard,8494
502011022,Falcon - Wannanup,9671
502011023,Greenfields,9852
502011024,Halls Head - Erskine,19921
502011025,Mandurah,10281
502011026,Mandurah - East,6594
502011027,Mandurah - North,21258
502011028,Mandurah - South,11304
502011029,Pinjarra,10240
503011030,City Beach,6817
503011031,Claremont (WA),9257
503011032,Cottesloe,7742
503011033,Floreat,8615
503011034,Mosman Park - Peppermint Grove,10781
503011035,Nedlands - Dalkeith - Crawley,18930
503011036,Swanbourne - Mount Claremont,9602
503021037,Kings Park (WA),48
503021038,Mount Hawthorn - Leederville,11866
503021039,Mount Lawley - Inglewood,16911
503021040,North Perth,9729
503021042,Subiaco - Shenton Park,17573
503021043,Wembley - West Leederville - Glendalough,19162
503021295,East Perth,11817
503021296,Perth (North) - Highgate,11363
503021297,Perth (West) - Northbridge,12112
504011044,Bassendean - Eden Hill - Ashfield,15921
504011045,Bayswater - Embleton - Bedford,24512
504011046,Maylands,13267
504011047,Morley,22712
504011048,Noranda,7986
504021049,Chidlow,4623
504021050,Glen Forrest - Darlington,7218
504021051,Helena Valley - Koongamia,5777
504021052,Malmalling - Reservoir,10
504021053,Mundaring,13296
504021054,Swan View - Greenmount - Midvale,12826
504031055,Avon Valley National Park,6
504031056,Ballajura,18516
504031057,Beechboro,21332
504031058,Bullsbrook,5592
504031060,Gidgegannup,2822
504031061,Hazelmere - Guildford,5391
504031062,Lockridge - Kiara,12502
504031063,Malaga,20
504031064,Melaleuca - Lexia,0
504031065,Middle Swan - Herne Hill,5653
504031066,Midland - Guildford,11080
504031067,Stratton - Jane Brook,7005
504031068,The Vines,12429
504031069,Walyunga National Park,0
504031298,Aveley,15666
504031299,Brabham - Henley Brook,11108
504031300,Ellenbrook,18990
505011070,Craigie - Beldon,10524
505011071,Currambine - Kinross,13814
505011072,Duncraig,15988
505011073,Greenwood - Warwick,13726
505011074,Heathridge - Connolly,10573
505011075,Hillarys,11171
505011076,Iluka - Burns Beach,9717
505011077,Joondalup - Edgewater,13870
505011078,Kingsley,13204
505011079,Mullaloo - Kallaroo,11506
505011080,Ocean Reef,8113
505011081,Padbury,8639
505011082,Sorrento - Marmion,10171
505011083,Woodvale,9602
505021084,Balcatta - Hamersley,16054
505021085,Balga - Mirrabooka,21051
505021087,Herdsman,0
505021088,Innaloo - Doubleview,18409
505021089,Karrinyup - Gwelup - Carine,22572
505021090,Nollamara - Westminster,19854
505021091,Osborne Park Industrial,213
505021092,Scarborough,17584
505021093,Stirling - Osborne Park,14614
505021094,Trigg - North Beach - Watermans Bay,7973
505021095,Tuart Hill - Joondanna,12825
505021096,Wembley Downs - Churchlands - Woodlands,15036
505021097,Yokine - Coolbinia - Menora,17100
505021301,Dianella - North,11935
505021302,Dianella - South,12980
505031098,Alexander Heights - Koondoola,11722
505031099,Butler - Merriwa - Ridgewood,23683
505031100,Carramar,18641
505031101,Clarkson,13889
505031102,Girrawheen,8888
505031104,Marangaroo,10476
505031105,Mindarie - Quinns Rocks - Jindalee,20764
505031106,Neerabup National Park,6
505031107,Tapping - Ashby - Sinagra,13542
505031255,Alkimos - Eglinton,13869
505031256,Carabooda - Pinjar,739
505031257,Two Rocks,3834
505031258,Yanchep,11003
505031303,Hocking - Pearsall,13150
505031304,Landsdale,15381
505031305,Madeley - Darch,14202
505031306,Wanneroo - Sinagra,14676
506011110,Armadale - Wungong - Brookdale,23135
506011111,Ashendon - Lesley,3
506011112,Camillo - Champion Lakes,5800
506011114,Kelmscott,10583
506011115,Mount Nasura - Mount Richon - Bedfordale,8271
506011116,Roleystone,7262
506011117,Seville Grove,11374
506011307,Harrisdale,11678
506011308,Piara Waters - Forrestdale,16092
506021118,Belmont - Ascot - Redcliffe,15112
506021119,East Victoria Park - Carlisle,17238
506021120,Kewdale Commercial,0
506021121,Perth Airport,20
506021123,Victoria Park - Lathlain - Burswood,15822
506021309,Cloverdale,8863
506021310,Kewdale,7417
506021311,Rivervale,10867
506031124,Bentley - Wilson - St James,20603
506031125,Canning Vale - West,10073
506031126,Canning Vale Commercial,3
506031127,Cannington - Queens Park,20651
506031128,Parkwood - Ferndale - Lynwood,14005
506031129,Riverton - Shelley - Rossmoyne,14518
506031130,Welshpool,12
506031131,Willetton,19235
506041132,Beckenham - Kenwick - Langford,20357
506041133,Canning Vale - East,24384
506041134,Gosnells,21162
506041135,Huntingdale - Southern River,21860
506041136,Maddington - Orange Grove - Martin,14971
506041137,Thornlie,23687
506051138,Forrestfield - Wattle Grove,19735
506051139,High Wycombe,12170
506051140,Kalamunda - Maida Vale - Gooseberry Hill,15125
506051141,Lesmurdie - Bickley - Carmel,11686
506061142,Byford,20427
506061143,Mundijong,7182
506061144,Serpentine - Jarrahdale,4587
506071145,Como,14618
506071146,Manning - Waterford,11638
506071147,South Perth - Kensington,17197
507011148,Banjup,21761
507011150,Bibra Industrial,21
507011151,Bibra Lake,0
507011152,Coogee,9850
507011153,Coolbellup,8510
507011154,Hamilton Hill,11319
507011155,Henderson,6
507011158,North Coogee,3729
507011159,South Lake - Cockburn Central,11741
507011160,Spearwood,11270
507011161,Success - Hammond Park,17462
507011163,Yangebup,7658
507011259,Beeliar - Wattleup,10133
507011260,Jandakot,2444
507021164,East Fremantle,7801
507021165,Fremantle,16744
507021166,Fremantle - South,15383
507021167,O'Connor (WA),0
507031169,Wellard (West) - Bertram,17953
507031170,Calista,7427
507031172,Hope Valley - Postans,79
507031173,Kwinana Industrial,18
507031174,Parmelia - Orelia,11256
507031261,Casuarina - Wandi,9067
507041175,Applecross - Ardross,11734
507041176,Bateman,3836
507041177,Bicton - Palmyra,14796
507041178,Booragoon,15498
507041179,Bull Creek,8022
507041180,Leeming,10855
507041181,Melville,17456
507041182,Murdoch - Kardinya,12493
507041183,Willagee,5429
507041184,Winthrop,6047
507051186,Cooloongup,8503
507051187,Port Kennedy,13469
507051188,Rockingham,16433
507051189,Rockingham Lakes,3
507051190,Safety Bay - Shoalwater,12045
507051191,Singleton - Golden Bay - Secret Harbour,22215
507051192,Waikiki,12527
507051193,Warnbro,10738
507051312,Baldivis - North,11662
507051313,Baldivis - South,26012
507051314,Karnup,2085
509011225,Albany,14812
509011226,Albany Surrounds,3716
509011227,Bayonet Head - Lower King,5213
509011228,Denmark,6305
509011229,Gnowangerup,2863
509011230,Katanning,4517
509011231,Kojonup,4041
509011232,Little Grove - Elleker,3662
509011233,McKail - Willyung,11318
509011234,Plantagenet,5387
509011235,Stirling Range National Park,0
509021236,Chittering,5958
509021237,Cunderdin,3780
509021238,Dowerin,3798
509021239,Gingin - Dandaragan,8981
509021240,Merredin,4920
509021241,Moora,4459
509021242,Mukinbudin,3058
509021243,Northam,11344
509021244,Toodyay,4607
509021245,York - Beverley,5143
509031246,Brookton,3534
509031247,Kulin,4255
509031248,Murray,2360
509031249,Narrogin,4337
509031250,Wagin,4884
510011262,Broome,14634
510011263,Derby - West Kimberley,7076
510011264,Halls Creek,3602
510011265,Kununurra,7478
510011266,Roebuck,2300
510021267,East Pilbara,5921
510021268,Newman,4228
510021269,Port Hedland,4226
510021270,South Hedland,11016
510031271,Ashburton (WA),7406
510031272,Karratha,17022
510031273,Roebourne,5176
511011274,Esperance,11984
511011275,Esperance Surrounds,3949
511021276,Carnarvon,4867
511021277,Exmouth,4648
511031278,Boulder,7124
511031279,Kalgoorlie,13248
511031280,Kalgoorlie - North,8745
511031281,Kalgoorlie Airport,0
511031282,Kambalda - Coolgardie - Norseman,4365
511031283,Leinster - Leonora,4802
511031284,Trafalgar (WA),0
511041285,Geraldton,11881
511041286,Geraldton - East,7808
511041287,Geraldton - North,8561
511041288,Geraldton - South,10326
511041289,Irwin,3675
511041290,Meekatharra,3150
511041291,Morawa,3877
511041292,Northampton - Mullewa - Greenough,5692
597979799,Migratory - Offshore - Shipping (WA),522
599999499,No usual address (WA),8055
601011001,Bridgewater - Gagebrook,8184
601011002,Brighton - Pontville,6439
601011003,Old Beach - Otago,4985
601021004,Bellerive - Rosny,6504
601021005,Cambridge,8580
601021006,Geilston Bay - Risdon,3459
601021007,Howrah - Tranmere,11647
601021008,Lindisfarne - Rose Bay,7817
601021009,Mornington - Warrane,5167
601021010,Risdon Vale,3492
601021011,Rokeby,7915
601021012,South Arm,4620
601031013,Austins Ferry - Granton,4289
601031014,Berriedale - Chigwell,5716
601031015,Claremont (Tas.),8388
601031016,Derwent Park - Lutana,4684
601031017,Glenorchy,12264
601031018,Montrose - Rosetta,5146
601031019,Moonah,5750
601031020,New Norfolk,7306
601031021,West Moonah,4380
601041022,Kingston - Huntingfield,13478
601041023,Kingston Beach - Blackmans Bay,11097
601041024,Margate - Snug,8489
601041025,Mount Wellington,0
601041026,Taroona - Bonnet Hill,3624
601051027,Hobart,8984
601051028,Lenah Valley - Mount Stuart,9010
601051029,Mount Nelson - Dynnyrne,5036
601051030,New Town,6599
601051031,Sandy Bay,12297
601051032,South Hobart - Fern Tree,6752
601051033,West Hobart,6394
601061034,Dodges Ferry - Lewisham,8534
601061035,Sorell - Richmond,9993
602011036,Invermay,3517
602011037,Kings Meadows - Punchbowl,4941
602011038,Launceston,5409
602011039,Legana,4745
602011040,Mowbray,4041
602011041,Newnham - Mayfield,9595
602011042,Newstead,5448
602011043,Norwood (Tas.),4044
602011044,Prospect Vale - Blackstone,6746
602011045,Ravenswood,3819
602011046,Riverside,7294
602011047,South Launceston,4888
602011048,Summerhill - Prospect,4935
602011049,Trevallyn,4826
602011050,Waverley - St Leonards,3940
602011051,West Launceston,4236
602011052,Youngtown - Relbia,4941
602021053,Beauty Point - Beaconsfield,4048
602021054,Deloraine,6092
602021055,Grindelwald - Lanena,6151
602021056,Hadspen - Carrick,3627
602021057,Westbury,4334
602031058,Dilston - Lilydale,4341
602031059,George Town,7117
602031060,Longford,4422
602031061,Northern Midlands,3700
602031062,Perth - Evandale,5477
602031064,St Helens - Scamander,6759
602031099,Flinders and Cape Barren Islands,921
602031100,Scottsdale - Bridport,6836
603011065,Central Highlands,2420
603011066,Derwent Valley,3357
603011067,Southern Midlands,6680
603011068,Wilderness - East,8
603021069,Bruny Island - Kettering,3423
603021070,Cygnet,4796
603021071,Geeveston - Dover,4053
603021072,Huonville - Franklin,9447
603031073,Forestier - Tasman,2612
603031074,Triabunna - Bicheno,4970
604011075,Acton - Upper Burnie,3280
604011076,Burnie - Ulverstone Surrounds,5197
604011077,Burnie - Wivenhoe,3797
604011078,Parklands - Camdale,6778
604011079,Penguin - Sulphur Creek,5421
604011080,Romaine - Havenview,3549
604011081,Somerset,4063
604011082,Ulverstone,7062
604011083,West Ulverstone,4510
604011084,Wynyard,6356
604021085,Devonport,14457
604021086,East Devonport,5054
604021087,Latrobe,5378
604021088,Miandetta - Don,3663
604021089,Port Sorell,6445
604021090,Quoiba - Spreyton,3103
604021091,Sheffield - Railton,6626
604021092,Turners Beach - Forth,3483
604031093,King Island,1621
604031094,North West,4169
604031095,Smithton,3935
604031096,Waratah,3799
604031097,West Coast (Tas.),4253
604031098,Wilderness - West,0
697979799,Migratory - Offshore - Shipping (Tas.),17
699999499,No usual address (Tas.),1377
701011001,Darwin Airport,23
701011002,Darwin City,7172
701011003,East Point,0
701011004,Fannie Bay - The Gardens,3606
701011005,Larrakeyah,3962
701011006,Ludmilla - The Narrows,2556
701011007,Parap,2823
701011008,Stuart Park,4123
701011009,Woolner - Bayview - Winnellie,2850
701021010,Alawa,2089
701021011,Anula,2380
701021012,Berrimah,1708
701021013,Brinkin - Nakara,3428
701021014,Buffalo Creek,0
701021015,Charles Darwin,3
701021016,Coconut Grove,2877
701021017,East Arm,15
701021018,Jingili,1830
701021019,Karama,4784
701021020,Leanyer,4581
701021021,Lyons (NT),5982
701021022,Malak - Marrara,4345
701021023,Millner,2561
701021024,Moil,1995
701021025,Nightcliff,3887
701021026,Rapid Creek,3263
701021027,Tiwi,2498
701021028,Wagaman,2020
701021029,Wanguri,1838
701021030,Wulagi,2490
701031031,Howard Springs,5087
701031032,Humpty Doo,8366
701031033,Koolpinyah,3
701031034,Virginia,3210
701031035,Weddell,4288
701041036,Bakewell,3103
701041037,Driver,2740
701041038,Durack - Marlow Lagoon,4535
701041039,Gray,3123
701041040,Moulden,3062
701041041,Palmerston - North,4479
701041042,Palmerston - South,6451
701041043,Rosebery - Bellamack,6545
701041044,Woodroffe,3165
702011045,Charles,4203
702011046,East Side,5393
702011047,Flynn (NT),4575
702011048,Larapinta,4958
702011049,Mount Johns,4043
702011050,Petermann - Simpson,1955
702011051,Ross,2700
702011052,Sandover - Plenty,3914
702011053,Tanami,2833
702011054,Yuendumu - Anmatjere,1856
702021055,Barkly,2217
702021056,Tennant Creek,3073
702031057,Alligator,4227
702031058,Daly,1884
702031059,Thamarrurr,2112
702031060,Tiwi Islands,2354
702031061,West Arnhem,5204
702041062,Anindilyakwa,2532
702041063,East Arnhem,6988
702041064,Nhulunbuy,3262
702051065,Elsey,2282
702051066,Gulf,4211
702051067,Katherine,9690
702051068,Victoria River,2606
797979799,Migratory - Offshore - Shipping (NT),91
799999499,No usual address (NT),3500
801011001,Aranda,2605
801011002,Belconnen,8498
801011003,Bruce,7516
801011004,Charnwood,3052
801011005,Cook,2963
801011006,Dunlop,7285
801011007,Evatt,5542
801011008,Florey,4780
801011009,Flynn (ACT),3679
801011010,Fraser,2137
801011011,Giralang,3360
801011012,Gooromon,3
801011013,Hawker,3002
801011014,Higgins,3315
801011015,Holt,5632
801011016,Kaleen,7694
801011017,Latham,3770
801011018,Lawson,2735
801011019,Macgregor (ACT),7042
801011020,Macquarie,3094
801011021,McKellar,2750
801011022,Melba,3375
801011023,Page,3059
801011024,Scullin,3076
801011025,Spence,2566
801011026,Weetangera,2802
801011111,Molonglo Corridor,15
801011142,Macnamara,0
801011143,Strathnairn,718
801011144,West Belconnen,25
801031031,Hume,389
801031032,Kowen,25
801031113,Canberra East,1113
801031114,Canberra Airport,129
801031115,Majura,296
801041034,Amaroo,6121
801041035,Bonner,7322
801041036,Casey,6465
801041037,Crace,4798
801041038,Forde,4436
801041039,Franklin,7465
801041040,Gungahlin,8569
801041043,Hall,297
801041044,Harrison,8258
801041045,Mitchell,8
801041046,Ngunnawal,10945
801041047,Nicholls,6675
801041048,Palmerston,5582
801041116,Gungahlin - East,0
801041117,Gungahlin - West,0
801041118,Jacka,711
801041119,Kenny,14
801041120,Moncrieff,5303
801041121,Taylor,2225
801041122,Throsby,2410
801051049,Acton,2848
801051050,Ainslie,5373
801051051,Braddon,6382
801051053,Civic,4833
801051054,Dickson,3304
801051055,Downer,4304
801051056,Hackett,3226
801051057,Lyneham,5708
801051058,O'Connor (ACT),5917
801051060,Turner,4469
801051061,Watson,6725
801051123,Black Mountain,0
801051124,Campbell,4617
801051125,Duntroon,1982
801051126,Parkes (ACT) - North,0
801051127,Reid,1558
801051128,Russell,0
801061062,Deakin,3103
801061063,Forrest,1821
801061064,Griffith (ACT),5354
801061066,Lake Burley Griffin,0
801061067,Narrabundah,6490
801061068,Parkes (ACT) - South,3
801061069,Red Hill (ACT),3160
801061070,Yarralumla,3101
801061129,Barton,1954
801061130,Fyshwick,52
801061131,Kingston (ACT),6571
801071071,Banks,5130
801071072,Bonython,3840
801071073,Calwell,5731
801071074,Chisholm,5283
801071075,Conder,5105
801071076,Fadden,2999
801071077,Gilmore,2686
801071078,Gordon (ACT),7885
801071079,Gowrie (ACT),3121
801071080,Greenway,4124
801071081,Isabella Plains,4325
801071082,Kambah,15635
801071083,Macarthur,1405
801071084,Monash,5631
801071085,Mount Taylor,0
801071086,Oxley (ACT),1710
801071087,Richardson,3061
801071088,Theodore,3779
801071089,Tuggeranong,43
801071090,Wanniassa,7898
801071132,Tuggeranong - West,12
801081091,Chapman,2863
801081092,Duffy,3397
801081093,Fisher,3201
801081094,Holder,2815
801081095,Rivett,3376
801081096,Stirling,2182
801081097,Waramanga,2765
801081098,Weston,3983
801081133,Scrivener,0
801091099,Chifley,2685
801091100,Curtin,5567
801091101,Farrer,3788
801091102,Garran,3694
801091103,Hughes,3207
801091104,Isaacs,2370
801091105,Lyons (ACT),3263
801091106,Mawson,3454
801091107,O'Malley,937
801091108,Pearce,2683
801091109,Phillip,5180
801091110,Torrens,2425
801101134,Arboretum,13
801101135,Coombs,4834
801101136,Denman Prospect,2750
801101137,Molonglo,0
801101139,Wright,3791
801101145,Molonglo - East,4
801101146,Whitlam,7
801111140,ACT - South West,562
801111141,Namadgi,64
897979799,Migratory - Offshore - Shipping (ACT),0
899999499,No usual address (ACT),605
901011001,Christmas Island,1699
901021002,Cocos (Keeling) Islands,593
901031003,Jervis Bay,308
901041004,Norfolk Island,2185
997979799,Migratory - Offshore - Shipping (OT),0
999999499,No usual address (OT),11
ZZZZZZZZZ,Outside Australia,NA
NA,NA,NA
